<?xml version="1.0" encoding="utf-8" ?><dwsync><file name="accent1.jpg" server="lowerytest.com/geo/" local="3415750080" remote="318763443833782932" Dst="-1" /><file name="accent3.jpg" server="lowerytest.com/geo/" local="3415750080" remote="318763443833782932" Dst="-1" /><file name="accent2.jpg" server="lowerytest.com/geo/" local="3415750080" remote="318763443833782932" Dst="-1" /><file name="blog_content_bg.png" server="lowerytest.com/geo/" local="3428427982" remote="318763443833782932" Dst="-1" /><file name="design.jpg" server="lowerytest.com/geo/" local="3415750080" remote="318763443833782932" Dst="-1" /><file name="accent4.jpg" server="lowerytest.com/geo/" local="3415750080" remote="318763443833782932" Dst="-1" /><file name="diag_pattern.png" server="lowerytest.com/geo/" local="3415750080" remote="318763443833782932" Dst="-1" /><file name="h30.png" server="lowerytest.com/geo/" local="3431967011" remote="318763443833782932" Dst="-1" /><file name="blog_header01.jpg" server="lowerytest.com/geo/" local="3428343365" remote="318763443833782932" Dst="-1" /><file name="hover.png" server="lowerytest.com/geo/" local="3415750080" remote="318763443833782932" Dst="-1" /><file name="icon_facebook.png" server="lowerytest.com/geo/" local="3415750080" remote="318763443833782932" Dst="-1" /><file name="icon_google.png" server="lowerytest.com/geo/" local="3415750080" remote="318763443833782932" Dst="-1" /><file name="icon_linked.png" server="lowerytest.com/geo/" local="3415750080" remote="318763443833782932" Dst="-1" /><file name="icon_twitter.png" server="lowerytest.com/geo/" local="3415750080" remote="318763443833782932" Dst="-1" /><file name="main_back.jpg" server="lowerytest.com/geo/" local="3415750080" remote="318763443833782932" Dst="-1" /><file name="ralogo.png" server="lowerytest.com/geo/" local="3415750080" remote="318763443833782932" Dst="-1" /><file name="roux-shadow.png" server="lowerytest.com/geo/" local="3440863806" remote="318763443833782932" Dst="-1" /><file name="roux.png" server="lowerytest.com/geo/" local="3440863847" remote="318763443833782932" Dst="-1" /><file name="search.png" server="lowerytest.com/geo/" local="3428933051" remote="318763443833782932" Dst="-1" /></dwsync>