"State", "Store_name",           "Shopping_center",     "Street_add",              "City",        "Postcode", "Hrs_of_bus",                     "URL", "Xcoord",      "Ycoord",    "uuid", "Oils", "Sculpture"
"CA",    "Cindy's Art Gallery",  "",                    "6410 Cindy Lane",         "Carpinteria", "93013",    "9:00-5:00 Monday to Friday",     "",    "-119.485055", "34.386141", "67",   "YES",  "YES"
"CA",    "Mudgee Art",           "The Mortimer Center", "1001 Mark Ave",           "Carpinteria", "93013",    "9:00-4:30 Monday to Friday",     "",    "-119.486900", "34.385390", "53",   "YES",  "NO"
"CA",    "Carpinteria Galleria", "",                    "6321 Carpinteria Ave",    "Carpinteria", "93013",    "9:00-5:00 Monday to Friday",     "",    "-119.487129", "34.384388", "33",   "YES",  "NO"
"CA",    "Nirvana",              "Rincon Mall",         "153-155 Maitland Street", "Carpinteria", "93013",    "9:00-9:00, 7 days",              "",    "-119.482993", "34.384343", "56",   "NO",   "YES"
"CA",    "Cindy's Art Annex",    "",                    "6398 Cindy Lane",         "Carpinteria", "93013",    "9:00-6:30 Monday to Friday",     "",    "-119.487193", "34.386610", "11",   "YES",  "YES"
"CA",    "Via Real 3D",          "",                    "6392 Via Real",           "Carpinteria", "93013",    "8:30-6:30 Monday to Friday",    "",    "-119.488637", "34.385813", "52",   "NO",   "YES"
