<?xml version="1.0" encoding="utf-8" ?><dwsync><file name="Bitter-Regular-webfont.eot" server="Macintosh HD/Applications/MAMP/htdocs/Data_on_the_Web/" local="3432721824" remote="318763443825618336" Dst="-1" /><file name="Bitter-Regular-webfont.woff" server="Macintosh HD/Applications/MAMP/htdocs/Data_on_the_Web/" local="3432721824" remote="318763443825618336" Dst="-1" /><file name="Bitter-Regular-webfont.ttf" server="Macintosh HD/Applications/MAMP/htdocs/Data_on_the_Web/" local="3432721824" remote="318763443825618336" Dst="-1" /><file name="Bitter-Italic-webfont.eot" server="Macintosh HD/Applications/MAMP/htdocs/Data_on_the_Web/" local="3432721824" remote="318763443825618336" Dst="-1" /><file name="Bitter-Italic-webfont.woff" server="Macintosh HD/Applications/MAMP/htdocs/Data_on_the_Web/" local="3432721824" remote="318763443825618336" Dst="-1" /><file name="Bitter-Italic-webfont.ttf" server="Macintosh HD/Applications/MAMP/htdocs/Data_on_the_Web/" local="3432721824" remote="318763443825618336" Dst="-1" /><file name="Bitter-Bold-webfont.eot" server="Macintosh HD/Applications/MAMP/htdocs/Data_on_the_Web/" local="3432721824" remote="318763443825618336" Dst="-1" /><file name="Bitter-Bold-webfont.woff" server="Macintosh HD/Applications/MAMP/htdocs/Data_on_the_Web/" local="3432721824" remote="318763443825618336" Dst="-1" /><file name="Bitter-Bold-webfont.ttf" server="Macintosh HD/Applications/MAMP/htdocs/Data_on_the_Web/" local="3432721824" remote="318763443825618336" Dst="-1" /><file name="DroidSans-webfont.eot" server="Macintosh HD/Applications/MAMP/htdocs/Data_on_the_Web/" local="3432721824" remote="318763443825618336" Dst="-1" /><file name="DroidSans-webfont.woff" server="Macintosh HD/Applications/MAMP/htdocs/Data_on_the_Web/" local="3432721824" remote="318763443825618336" Dst="-1" /><file name="DroidSans-webfont.ttf" server="Macintosh HD/Applications/MAMP/htdocs/Data_on_the_Web/" local="3432721824" remote="318763443825618336" Dst="-1" /><file name="DroidSans-Bold-webfont.eot" server="Macintosh HD/Applications/MAMP/htdocs/Data_on_the_Web/" local="3432721824" remote="318763443825618336" Dst="-1" /><file name="DroidSans-Bold-webfont.woff" server="Macintosh HD/Applications/MAMP/htdocs/Data_on_the_Web/" local="3432721824" remote="318763443825618336" Dst="-1" /><file name="DroidSans-Bold-webfont.ttf" server="Macintosh HD/Applications/MAMP/htdocs/Data_on_the_Web/" local="3432721824" remote="318763443825618336" Dst="-1" /></dwsync>