<?xml version="1.0" encoding="utf-8" ?><dwsync><file name="Bitter-Bold-webfont.eot" server="lowerytest.com/geo/" local="3415750080" remote="318763443833782932" Dst="-1" /><file name="Bitter-Bold-webfont.ttf" server="lowerytest.com/geo/" local="3415750080" remote="318763443833782932" Dst="-1" /><file name="Bitter-Bold-webfont.woff" server="lowerytest.com/geo/" local="3415750080" remote="318763443833782932" Dst="-1" /><file name="Bitter-Italic-webfont.ttf" server="lowerytest.com/geo/" local="3415750080" remote="318763443833782932" Dst="-1" /><file name="Bitter-Italic-webfont.eot" server="lowerytest.com/geo/" local="3415750080" remote="318763443833782932" Dst="-1" /><file name="Bitter-Italic-webfont.woff" server="lowerytest.com/geo/" local="3415750080" remote="318763443833782932" Dst="-1" /><file name="Bitter-Regular-webfont.eot" server="lowerytest.com/geo/" local="3415750080" remote="318763443833782932" Dst="-1" /><file name="Bitter-Regular-webfont.ttf" server="lowerytest.com/geo/" local="3415750080" remote="318763443833782932" Dst="-1" /><file name="Bitter-Regular-webfont.woff" server="lowerytest.com/geo/" local="3415750080" remote="318763443833782932" Dst="-1" /><file name="DroidSans-Bold-webfont.eot" server="lowerytest.com/geo/" local="3415750080" remote="318763443833782932" Dst="-1" /><file name="DroidSans-Bold-webfont.ttf" server="lowerytest.com/geo/" local="3415750080" remote="318763443833782932" Dst="-1" /><file name="DroidSans-Bold-webfont.woff" server="lowerytest.com/geo/" local="3415750080" remote="318763443833782932" Dst="-1" /><file name="DroidSans-webfont.woff" server="lowerytest.com/geo/" local="3415750080" remote="318763443833782932" Dst="-1" /><file name="DroidSans-webfont.eot" server="lowerytest.com/geo/" local="3415750080" remote="318763443833782932" Dst="-1" /><file name="DroidSans-webfont.ttf" server="lowerytest.com/geo/" local="3415750080" remote="318763443833782932" Dst="-1" /></dwsync>