<?xml version="1.0" encoding="utf-8" ?><dwsync><file name="diag_pattern.png" server="Macintosh HD/Applications/MAMP/htdocs/Data_on_the_Web/" local="3432721826" remote="318763443825618338" Dst="-1" /><file name="ralogo.png" server="Macintosh HD/Applications/MAMP/htdocs/Data_on_the_Web/" local="3432721826" remote="318763443825618338" Dst="-1" /><file name="main_back.jpg" server="Macintosh HD/Applications/MAMP/htdocs/Data_on_the_Web/" local="3432721826" remote="318763443825618338" Dst="-1" /><file name="design.jpg" server="Macintosh HD/Applications/MAMP/htdocs/Data_on_the_Web/" local="3432721826" remote="318763443825618338" Dst="-1" /><file name="accent2.jpg" server="Macintosh HD/Applications/MAMP/htdocs/Data_on_the_Web/" local="3432721826" remote="318763443825618338" Dst="-1" /><file name="accent3.jpg" server="Macintosh HD/Applications/MAMP/htdocs/Data_on_the_Web/" local="3432721826" remote="318763443825618338" Dst="-1" /><file name="accent1.jpg" server="Macintosh HD/Applications/MAMP/htdocs/Data_on_the_Web/" local="3432721826" remote="318763443825618338" Dst="-1" /><file name="accent4.jpg" server="Macintosh HD/Applications/MAMP/htdocs/Data_on_the_Web/" local="3432721826" remote="318763443825618338" Dst="-1" /><file name="blog_header01.jpg" server="Macintosh HD/Applications/MAMP/htdocs/Data_on_the_Web/" local="3432721826" remote="318763443825618338" Dst="-1" /><file name="hover.png" server="Macintosh HD/Applications/MAMP/htdocs/Data_on_the_Web/" local="3432721826" remote="318763443825618338" Dst="-1" /><file name="icon_twitter.png" server="Macintosh HD/Applications/MAMP/htdocs/Data_on_the_Web/" local="3432721826" remote="318763443825618338" Dst="-1" /><file name="icon_google.png" server="Macintosh HD/Applications/MAMP/htdocs/Data_on_the_Web/" local="3432721826" remote="318763443825618338" Dst="-1" /><file name="icon_facebook.png" server="Macintosh HD/Applications/MAMP/htdocs/Data_on_the_Web/" local="3432721826" remote="318763443825618338" Dst="-1" /><file name="icon_linked.png" server="Macintosh HD/Applications/MAMP/htdocs/Data_on_the_Web/" local="3432721826" remote="318763443825618338" Dst="-1" /><file name="search.png" server="Macintosh HD/Applications/MAMP/htdocs/Data_on_the_Web/" local="3432721826" remote="318763443825618338" Dst="-1" /><file name="blog_content_bg.png" server="Macintosh HD/Applications/MAMP/htdocs/Data_on_the_Web/" local="3432721826" remote="318763443825618338" Dst="-1" /></dwsync>